ETA,VIN,Year,Model,Hold Status,Pre-Sold,Shipping Status,Total MSRP,Exterior Color,Interior Color,Distance,Dealer,Dealer Website,SmartPath,Options
2024-07-18,JTEEU5JR5R5315151,2024,4Runner SR5,,False,At dealer,42209,Nautical Blue Metallic,Black/Graphite Fabric,270,Stephen Wade Toyota,https://www.stephenwadetoyota.com,True,50 State Emissions | All-Weather Floor Liners & Cargo Tray Package[installed_msrp] | Door Edge Guards[installed_msrp] | Ikon GPS | Keep it Wild Savings [keep_it_wild_21] | Roof Rack Cross Bars[installed_msrp]
2024-10-22,JTELU5JR0R6296249,2024,4Runner TRD Pro,DealerHold,False,Port to dealer,56970,Ice Cap,Black/Graphite Softex® [softex],299,Peterson Toyota,https://www.petersontoyota.net,False,50 State Emissions | Sliding Rear Cargo Deck | TRD PRO Package
2025-01-01,JTELU5JR0R6303314,2024,4Runner TRD Pro,,False,Port to dealer,57672,Midnight Black Metallic,Black/Graphite Softex® [softex],359,Centennial Toyota,https://www.centennialtoyota.com,False,50 State Emissions | Blackout Emblem Overlays[installed_msrp] | Cargo Cover[installed_msrp] | Integrated Dashcam[installed_msrp] | TRD PRO Package | TRD Pro Carpet Floor Mats[installed_msrp]
2025-01-03,JTELU5JR0R6303412,2024,4Runner TRD Pro,DealerHold,False,Port to dealer,58866,Terra,Black/Graphite Softex® [softex],362,David Wilson's Toyota of Las Vegas,https://www.dwtoyotalasvegas.com,True,50 State Emissions | Blackout Emblem Overlays[installed_msrp] | Cargo Cover[installed_msrp] | Integrated Dashcam[installed_msrp] | Predator Tube Step[installed_msrp] | TRD PRO Package | TRD Pro Carpet Floor Mats[installed_msrp] | Toyota 4Runner Cooler - White[installed_msrp] | Toyota of LV Convenience Pkg | USB Dual Power Port[installed_msrp]
2025-01-14,JTELU5JR0R6304043,2024,4Runner TRD Pro,DealerHold,True,Port to dealer,56799,Terra,Black/Graphite Softex® [softex],373,Groove Toyota,https://www.groovetoyota.com,True,50 State Emissions | TRD PRO Package | TRD Pro Carpet Floor Mats[installed_msrp]
Unknown,JTELU5JR0R6304477,2024,4Runner TRD Pro,DealerHold,False,Port to dealer,56620,Ice Cap,Black/Graphite Softex® [softex],299,Peterson Toyota,https://www.petersontoyota.net,False,50 State Emissions | TRD PRO Package
Unknown,JTELU5JR0R6304916,2024,4Runner TRD Pro,DealerHold,False,Port to dealer,56970,Underground,Black/Graphite Softex® [softex],299,Peterson Toyota,https://www.petersontoyota.net,False,50 State Emissions | Sliding Rear Cargo Deck | TRD PRO Package
2024-10-03,JTELU5JR0R6305094,2024,4Runner TRD Pro,DealerHold,True,Port to dealer,56620,Ice Cap,Black/Graphite Softex® [softex],377,Stevinson Toyota East,https://www.stevinsontoyotaeast.com,False,50 State Emissions | TRD PRO Package
2024-10-27,JTELU5JR0R6305452,2024,4Runner TRD Pro,DealerHold,False,Port to dealer,58112,Underground,Black/Graphite Softex® [softex],400,Corwin Toyota Colorado Springs,https://www.corwintoyotacoloradosprings.com,False,"50 State Emissions | Blackout Emblem Overlays[installed_msrp] | Console Safe[installed_msrp] | Integrated Dashcam[installed_msrp] | Paint Protection Film - Hood, Fenders, Mirror Backs and Door Cups[installed_msrp] | TRD PRO Package"
2024-10-20,JTELU5JR0R6307508,2024,4Runner TRD Pro,DealerHold,True,Port to dealer,56994,Underground,Black/Graphite Softex® [softex],377,Stevinson Toyota East,https://www.stevinsontoyotaeast.com,False,50 State Emissions | Blackout Emblem Overlays[installed_msrp] | TRD PRO Package | TRD Pro Carpet Floor Mats[installed_msrp]
2024-10-17,JTELU5JR0R6308125,2024,4Runner TRD Pro,,False,Port to dealer,56620,Underground,Black/Graphite Softex® [softex],181,Wills Toyota,https://www.willstoyota.com,False,50 State Emissions | TRD PRO Package
2024-10-19,JTELU5JR1R6295983,2024,4Runner TRD Pro,Available,True,Port to dealer,57129,Ice Cap,Black/Graphite Softex® [softex],385,Lithia Toyota of Billings,https://www.lithiatoyotabillings.com,True,50 State Emissions | Blackout Emblem Overlays[installed_msrp] | Door Edge Guards[installed_msrp] | Permaplate | Pulse | Quick Charging Cable Package[installed_msrp] | TRD PRO Package | USB Dual Power Port[installed_msrp]
2024-10-14,JTELU5JR1R6298690,2024,4Runner TRD Pro,,True,Port to dealer,57774,Ice Cap,Black/Graphite Softex® [softex],382,Findlay Toyota Flagstaff,https://www.findlaytoyotaflagstaff.net,True,50 State Emissions | Blackout Emblem Overlays[installed_msrp] | Door Edge Guards[installed_msrp] | Predator Tube Step[installed_msrp] | TRD PRO Package | TRD Pro Carpet Floor Mats[installed_msrp]
2024-10-22,JTELU5JR1R6302771,2024,4Runner TRD Pro,DealerHold,False,Port to dealer,57149,Midnight Black Metallic,Black/Graphite Softex® [softex],299,Peterson Toyota,https://www.petersontoyota.net,False,50 State Emissions | Sliding Rear Cargo Deck | TRD PRO Package | TRD Pro Carpet Floor Mats[installed_msrp]
2025-01-04,JTELU5JR1R6302947,2024,4Runner TRD Pro,DealerHold,False,Port to dealer,56799,Ice Cap,Black/Graphite Softex® [softex],29,Tony Divino Toyota,https://www.tonydivinotoyota.com,False,50 State Emissions | TRD PRO Package | TRD Pro Carpet Floor Mats[installed_msrp]
2024-10-07,JTELU5JR1R6303354,2024,4Runner TRD Pro,Available,True,Port to dealer,56994,Ice Cap,Black/Graphite Softex® [softex],326,Durango Toyota,https://www.durangotoyota.com,True,50 State Emissions | Blackout Emblem Overlays[installed_msrp] | TRD PRO Package | TRD Pro Carpet Floor Mats[installed_msrp]
2025-01-18,JTELU5JR1R6303449,2024,4Runner TRD Pro,DealerHold,False,Port to dealer,57243,Ice Cap,Black/Graphite Softex® [softex],492,Right Toyota,https://www.righttoyota.com,False,50 State Emissions | Blackout Emblem Overlays[installed_msrp] | Cargo Cover[installed_msrp] | Quick Charging Cable Package[installed_msrp] | TRD PRO Package | TRD Pro Carpet Floor Mats[installed_msrp]
2024-10-23,JTELU5JR1R6304584,2024,4Runner TRD Pro,DealerHold,True,Port to dealer,58871,Terra,Black/Graphite Softex® [softex],374,Fremont Toyota of Sheridan,https://www.fremonttoyotasheridan.com,False,"50 State Emissions | Blackout Emblem Overlays[installed_msrp] | Dual Power Port/Quick Charging Cable Package[installed_msrp] | Emergency Assistance Kit[installed_msrp] | Integrated Dashcam[installed_msrp] | Paint Protection Film - Hood, Fenders, Mirror Backs and Door Cups[installed_msrp] | Predator Tube Step[installed_msrp] | TRD PRO Package | TRD Pro Carpet Floor Mats[installed_msrp]"
2024-10-26,JTELU5JR1R6306321,2024,4Runner TRD Pro,DealerHold,False,Port to dealer,56620,Ice Cap,Black/Graphite Softex® [softex],369,Mountain States Toyota,https://www.mountainstatestoyota.com,False,50 State Emissions | TRD PRO Package
2024-10-03,JTELU5JR1R6306397,2024,4Runner TRD Pro,DealerHold,True,Port to dealer,58987,Terra,Black/Graphite Softex® [softex],374,Fremont Toyota of Sheridan,https://www.fremonttoyotasheridan.com,False,"50 State Emissions | Blackout Emblem Overlays[installed_msrp] | Cargo Tray [parts_only_msrp] | Door Edge Guards[installed_msrp] | Emergency Assistance Kit[installed_msrp] | Integrated Dashcam[installed_msrp] | Paint Protection Film - Hood, Fenders, Mirror Backs and Door Cups[installed_msrp] | Predator Tube Step[installed_msrp] | Quick Charging Cable Package[installed_msrp] | TRD PRO Package | TRD Pro Carpet Floor Mats[installed_msrp]"
2024-10-16,JTELU5JR1R6308005,2024,4Runner TRD Pro,DealerHold,False,Port to dealer,56799,Ice Cap,Black/Graphite Softex® [softex],362,Stevinson Toyota West,https://www.stevinsontoyotawest.com,False,50 State Emissions | TRD PRO Package | TRD Pro Carpet Floor Mats[installed_msrp]
2024-10-19,JTELU5JR2R6295927,2024,4Runner TRD Pro,DealerHold,False,Port to dealer,57973,Ice Cap,Black/Graphite Softex® [softex],342,Hometown Toyota,https://www.hometowntoyota.com,False,50 State Emissions | Blackout Emblem Overlays[installed_msrp] | Cargo Cover[installed_msrp] | Door Edge Guards[installed_msrp] | Dual Power Port/Quick Charging Cable Package[installed_msrp] | Predator Tube Step[installed_msrp] | TRD PRO Package
2024-10-04,JTELU5JR2R6298276,2024,4Runner TRD Pro,DealerHold,True,Port to dealer,56799,Ice Cap,Black/Graphite Softex® [softex],369,Mountain States Toyota,https://www.mountainstatestoyota.com,False,50 State Emissions | TRD PRO Package | TRD Pro Carpet Floor Mats[installed_msrp]
2024-10-22,JTELU5JR2R6300110,2024,4Runner TRD Pro,Available,True,Port to dealer,57193,Ice Cap,Black/Graphite Softex® [softex],385,Lithia Toyota of Billings,https://www.lithiatoyotabillings.com,True,50 State Emissions | Blackout Emblem Overlays[installed_msrp] | Cargo Cover[installed_msrp] | Permaplate | Pulse | Quick Charging Cable Package[installed_msrp] | TRD PRO Package | USB Dual Power Port[installed_msrp]
2024-10-24,JTELU5JR2R6305470,2024,4Runner TRD Pro,DealerHold,True,Port to dealer,58188,Underground,Black/Graphite Softex® [softex],488,Walla Walla Toyota,https://www.wallawallatoyota.com,True,50 State Emissions | Blackout Emblem Overlays[installed_msrp] | Cargo Cover[installed_msrp] | Predator Tube Step[installed_msrp] | TRD PRO Package | Toyota 4Runner Cooler - Cement[installed_msrp] | USB Dual Power Port[installed_msrp]
2024-10-03,JTELU5JR2R6305677,2024,4Runner TRD Pro,DealerHold,False,Port to dealer,58337,Ice Cap,Black/Graphite Softex® [softex],400,Corwin Toyota Colorado Springs,https://www.corwintoyotacoloradosprings.com,False,50 State Emissions | Blackout Emblem Overlays[installed_msrp] | Cargo Cover[installed_msrp] | Integrated Dashcam[installed_msrp] | Predator Tube Step[installed_msrp] | TRD PRO Package | TRD Pro Carpet Floor Mats[installed_msrp]
2024-10-09,JTELU5JR2R6306604,2024,4Runner TRD Pro,DealerHold,False,Port to dealer,58502,Underground,Black/Graphite Softex® [softex],492,Right Toyota,https://www.righttoyota.com,False,50 State Emissions | Ball Mount[installed_msrp] | Blackout Emblem Overlays[installed_msrp] | Cargo Cover[installed_msrp] | Predator Tube Step[installed_msrp] | Quick Charging Cable Package[installed_msrp] | TRD PRO Package | TRD Pro Carpet Floor Mats[installed_msrp] | Toyota 4Runner Cooler - Cement[installed_msrp] | USB Dual Power Port[installed_msrp]
2024-10-09,JTELU5JR2R6307395,2024,4Runner TRD Pro,DealerHold,False,Port to dealer,57967,Underground,Black/Graphite Softex® [softex],359,Centennial Toyota,https://www.centennialtoyota.com,False,50 State Emissions | Blackout Emblem Overlays[installed_msrp] | Cargo Cover[installed_msrp] | Predator Tube Step[installed_msrp] | TRD PRO Package | TRD Pro Carpet Floor Mats[installed_msrp] | USB Dual Power Port[installed_msrp]
2025-01-14,JTELU5JR3R6301265,2024,4Runner TRD Pro,DealerHold,True,Port to dealer,56620,Terra,Black/Graphite Softex® [softex],373,Groove Toyota,https://www.groovetoyota.com,True,50 State Emissions | TRD PRO Package
2024-12-31,JTELU5JR3R6302559,2024,4Runner TRD Pro,,True,Port to dealer,58466,Terra,Black/Graphite Softex® [softex],366,Findlay Toyota,https://www.findlaytoyota.com,True,50 State Emissions | Blackout Emblem Overlays[installed_msrp] | Cargo Cover[installed_msrp] | Findlay Package | Integrated Dashcam[installed_msrp] | Predator Tube Step[installed_msrp] | TRD PRO Package | TRD Pro Carpet Floor Mats[installed_msrp] | USB Dual Power Port[installed_msrp]
2025-01-04,JTELU5JR3R6303288,2024,4Runner TRD Pro,DealerHold,False,Port to dealer,58841,Terra,Black/Graphite Softex® [softex],35,Brent Brown Toyota,https://www.oremtoyota.com,False,"50 State Emissions | Blackout Emblem Overlays[installed_msrp] | Door Edge Guards[installed_msrp] | Integrated Dashcam[installed_msrp] | Paint Protection Film - Hood, Fenders, Mirror Backs and Door Cups[installed_msrp] | Predator Tube Step[installed_msrp] | TRD PRO Package | TRD Pro Carpet Floor Mats[installed_msrp] | USB Dual Power Port[installed_msrp]"
2025-01-14,JTELU5JR3R6304215,2024,4Runner TRD Pro,DealerHold,False,Port to dealer,59092,Terra,Black/Graphite Softex® [softex],362,Stevinson Toyota West,https://www.stevinsontoyotawest.com,False,"50 State Emissions | Blackout Emblem Overlays[installed_msrp] | Dual Power Port/Quick Charging Cable Package[installed_msrp] | Emergency Assistance Kit[installed_msrp] | Integrated Dashcam[installed_msrp] | Paint Protection Film - Hood, Fenders, Mirror Backs and Door Cups[installed_msrp] | Predator Tube Step[installed_msrp] | TRD PRO Package | Toyota 4Runner Cooler - Cement[installed_msrp]"
2024-10-15,JTELU5JR3R6305123,2024,4Runner TRD Pro,DealerHold,False,Port to dealer,59075,Terra,Black/Graphite Softex® [softex],481,Larry H. Miller American Toyota Albuquerque,https://www.americantoyota.com,False,"50 State Emissions | Blackout Emblem Overlays[installed_msrp] | Cargo Cover[installed_msrp] | Console Safe[installed_msrp] | Door Edge Guards[installed_msrp] | Integrated Dashcam[installed_msrp] | Paint Protection Film - Hood, Fenders, Mirror Backs and Door Cups[installed_msrp] | Quick Charging Cable Package[installed_msrp] | TRD PRO Package | Trail Running Boards[installed_msrp]"
2024-10-03,JTELU5JR3R6305235,2024,4Runner TRD Pro,DealerHold,True,Port to dealer,56620,Ice Cap,Black/Graphite Softex® [softex],373,Groove Toyota,https://www.groovetoyota.com,True,50 State Emissions | TRD PRO Package
2024-10-26,JTELU5JR3R6305364,2024,4Runner TRD Pro,DealerHold,True,Port to dealer,56620,Ice Cap,Black/Graphite Softex® [softex],373,Groove Toyota,https://www.groovetoyota.com,True,50 State Emissions | TRD PRO Package
2024-10-22,JTELU5JR3R6305994,2024,4Runner TRD Pro,,True,Port to dealer,57649,Ice Cap,Black/Graphite Softex® [softex],385,Lithia Toyota of Billings,https://www.lithiatoyotabillings.com,True,50 State Emissions | Door Edge Guards[installed_msrp] | Dual Power Port/Quick Charging Cable Package[installed_msrp] | Permaplate | Pulse | Running Boards - Chrome Detail[installed_msrp] | TRD PRO Package
2024-10-24,JTELU5JR3R6307227,2024,4Runner TRD Pro,DealerHold,True,Port to dealer,57632,Underground,Black/Graphite Softex® [softex],486,Toyota of Pullman,https://www.toyotaofpullman.com,False,"50 State Emissions | Blackout Emblem Overlays[installed_msrp] | Cargo Cover[installed_msrp] | Paint Protection Film - Hood, Fenders, Mirror Backs and Door Cups[installed_msrp] | Preferred Owner's Portfolio | Quick Charging Cable Package[installed_msrp] | TRD PRO Package | USB Dual Power Port[installed_msrp]"
2024-10-25,JTELU5JR4R6301744,2024,4Runner TRD Pro,DealerHold,False,Port to dealer,57193,Underground,Black/Graphite Softex® [softex],341,Toyota of Bozeman,https://www.toyotaofbozeman.com,False,50 State Emissions | Blackout Emblem Overlays[installed_msrp] | Cargo Cover[installed_msrp] | Quick Charging Cable Package[installed_msrp] | TRD PRO Package | USB Dual Power Port[installed_msrp]
2024-10-01,JTELU5JR4R6303087,2024,4Runner TRD Pro,DealerHold,False,Port to dealer,58911,Underground,Black/Graphite Softex® [softex],481,Larry H. Miller American Toyota Albuquerque,https://www.americantoyota.com,False,"50 State Emissions | Blackout Emblem Overlays[installed_msrp] | Cargo Cover[installed_msrp] | Door Edge Guards[installed_msrp] | Dual Power Port/Quick Charging Cable Package[installed_msrp] | Integrated Dashcam[installed_msrp] | Paint Protection Film - Hood, Fenders, Mirror Backs and Door Cups[installed_msrp] | Predator Tube Step[installed_msrp] | TRD PRO Package"
Unknown,JTELU5JR4R6303929,2024,4Runner TRD Pro,DealerHold,False,Port to dealer,56620,Underground,Black/Graphite Softex® [softex],299,Peterson Toyota,https://www.petersontoyota.net,False,50 State Emissions | TRD PRO Package
2024-10-10,JTELU5JR4R6304854,2024,4Runner TRD Pro,DealerHold,True,Port to dealer,56799,Terra,Black/Graphite Softex® [softex],373,Groove Toyota,https://www.groovetoyota.com,True,50 State Emissions | TRD PRO Package | TRD Pro Carpet Floor Mats[installed_msrp]
2024-11-02,JTELU5JR4R6305566,2024,4Runner TRD Pro,DealerHold,True,Port to dealer,56944,Underground,Black/Graphite Softex® [softex],246,"Hellman Toyota, Inc.",https://www.hellmantoyota.com,True,50 State Emissions | Blackout Emblem Overlays[installed_msrp] | TRD PRO Package | USB Dual Power Port[installed_msrp]
2024-10-19,JTELU5JR4R6307625,2024,4Runner TRD Pro,Available,True,Port to dealer,56815,Underground,Black/Graphite Softex® [softex],326,Durango Toyota,https://www.durangotoyota.com,True,50 State Emissions | Blackout Emblem Overlays[installed_msrp] | TRD PRO Package
2024-10-02,JTELU5JR5R6296389,2024,4Runner TRD Pro,,True,Port to dealer,56620,Underground,Black/Graphite Softex® [softex],181,Wills Toyota,https://www.willstoyota.com,False,50 State Emissions | TRD PRO Package
2025-01-03,JTELU5JR5R6303339,2024,4Runner TRD Pro,DealerHold,False,Port to dealer,58531,Ice Cap,Black/Graphite Softex® [softex],425,Dolan Toyota,https://www.dolanrenotoyota.com,False,50 State Emissions | Ball Mount[installed_msrp] | Blackout Emblem Overlays[installed_msrp] | Cargo Cover[installed_msrp] | Integrated Dashcam[installed_msrp] | Predator Tube Step[installed_msrp] | TRD PRO Package | TRD Pro Carpet Floor Mats[installed_msrp] | USB Dual Power Port[installed_msrp]
2025-01-15,JTELU5JR5R6304331,2024,4Runner TRD Pro,DealerHold,True,Port to dealer,57963,Terra,Black/Graphite Softex® [softex],398,Toyota of Colorado Springs,https://www.toyotaofcoloradosprings.com,True,50 State Emissions | Integrated Dashcam[installed_msrp] | Predator Tube Step[installed_msrp] | TRD PRO Package | TRD Pro Carpet Floor Mats[installed_msrp]
2024-10-12,JTELU5JR5R6306063,2024,4Runner TRD Pro,DealerHold,False,Port to dealer,57794,Terra,Black/Graphite Softex® [softex],491,Bell Road Toyota,https://www.bellroadtoyota.com,True,50 State Emissions | Blackout Emblem Overlays[installed_msrp] | Door Edge Guards[installed_msrp] | Dual Power Port/Quick Charging Cable Package[installed_msrp] | Predator Tube Step[installed_msrp] | TRD PRO Package
2024-10-25,JTELU5JR5R6306077,2024,4Runner TRD Pro,DealerHold,False,Port to dealer,56799,Underground,Black/Graphite Softex® [softex],362,Stevinson Toyota West,https://www.stevinsontoyotawest.com,False,50 State Emissions | TRD PRO Package | TRD Pro Carpet Floor Mats[installed_msrp]
2024-10-26,JTELU5JR5R6306709,2024,4Runner TRD Pro,DealerHold,True,Port to dealer,58337,Ice Cap,Black/Graphite Softex® [softex],366,"Stapp Interstate Toyota, Inc.",https://www.interstatetoyota.com,True,50 State Emissions | Blackout Emblem Overlays[installed_msrp] | Cargo Cover[installed_msrp] | Integrated Dashcam[installed_msrp] | Predator Tube Step[installed_msrp] | TRD PRO Package | TRD Pro Carpet Floor Mats[installed_msrp]
2024-10-22,JTELU5JR5R6307830,2024,4Runner TRD Pro,DealerHold,False,Port to dealer,59306,Ice Cap,Black/Graphite Softex® [softex],252,Bighorn Toyota,https://www.bighorntoyota.com,True,"50 State Emissions | Blackout Emblem Overlays[installed_msrp] | Dual Power Port/Quick Charging Cable Package[installed_msrp] | Integrated Dashcam[installed_msrp] | Paint Protection Film - Hood, Fenders, Mirror Backs and Door Cups[installed_msrp] | Predator Tube Step[installed_msrp] | TRD PRO Package | TRD Pro Carpet Floor Mats[installed_msrp] | Toyota 4Runner Cooler - Cement[installed_msrp] | UV Sunshade (Windshield) - TRD"
2024-10-22,JTELU5JR6R6298197,2024,4Runner TRD Pro,DealerHold,False,Port to dealer,57149,Terra,Black/Graphite Softex® [softex],299,Peterson Toyota,https://www.petersontoyota.net,False,50 State Emissions | Sliding Rear Cargo Deck | TRD PRO Package | TRD Pro Carpet Floor Mats[installed_msrp]
2025-01-18,JTELU5JR6R6303947,2024,4Runner TRD Pro,Available,True,Port to dealer,58646,Terra,Black/Graphite Softex® [softex],382,Findlay Toyota Flagstaff,https://www.findlaytoyotaflagstaff.net,True,"50 State Emissions | Blackout Emblem Overlays[installed_msrp] | Door Edge Guards[installed_msrp] | Integrated Dashcam[installed_msrp] | Paint Protection Film - Hood, Fenders, Mirror Backs and Door Cups[installed_msrp] | TRD PRO Package | TRD Pro Carpet Floor Mats[installed_msrp] | Trail Running Boards[installed_msrp]"
2024-10-14,JTELU5JR6R6305617,2024,4Runner TRD Pro,,True,Port to dealer,58536,Ice Cap,Black/Graphite Softex® [softex],366,Findlay Toyota,https://www.findlaytoyota.com,True,50 State Emissions | Blackout Emblem Overlays[installed_msrp] | Cargo Cover[installed_msrp] | Dual Power Port/Quick Charging Cable Package[installed_msrp] | Findlay Package | Integrated Dashcam[installed_msrp] | Predator Tube Step[installed_msrp] | TRD PRO Package | TRD Pro Carpet Floor Mats[installed_msrp]
2024-10-22,JTELU5JR6R6306752,2024,4Runner TRD Pro,Available,True,Port to dealer,57418,Underground,Black/Graphite Softex® [softex],385,Lithia Toyota of Billings,https://www.lithiatoyotabillings.com,True,50 State Emissions | Dual Power Port/Quick Charging Cable Package[installed_msrp] | Permaplate | Pulse | TRD PRO Package | Trail Running Boards[installed_msrp]
2025-01-14,JTELU5JR7R6301821,2024,4Runner TRD Pro,DealerHold,True,Port to dealer,56799,Terra,Black/Graphite Softex® [softex],373,Groove Toyota,https://www.groovetoyota.com,True,50 State Emissions | TRD PRO Package | TRD Pro Carpet Floor Mats[installed_msrp]
2025-01-01,JTELU5JR7R6304072,2024,4Runner TRD Pro,,False,Port to dealer,58422,Terra,Black/Graphite Softex® [softex],359,Centennial Toyota,https://www.centennialtoyota.com,False,50 State Emissions | Ball Mount[installed_msrp] | Blackout Emblem Overlays[installed_msrp] | Dual Power Port/Quick Charging Cable Package[installed_msrp] | Integrated Dashcam[installed_msrp] | Predator Tube Step[installed_msrp] | TRD PRO Package | TRD Pro Carpet Floor Mats[installed_msrp]
2024-10-15,JTELU5JR7R6304881,2024,4Runner TRD Pro,DealerHold,False,Port to dealer,57792,Underground,Black/Graphite Softex® [softex],492,Larry H. Miller Toyota Peoria,https://www.larrymillertoyota.com,False,50 State Emissions | Blackout Emblem Overlays[installed_msrp] | Dual Power Port/Quick Charging Cable Package[installed_msrp] | TRD PRO Package | TRD Pro Carpet Floor Mats[installed_msrp] | Trail Running Boards[installed_msrp]
2024-10-10,JTELU5JR7R6306517,2024,4Runner TRD Pro,DealerHold,False,Port to dealer,58667,Underground,Black/Graphite Softex® [softex],362,Stevinson Toyota West,https://www.stevinsontoyotawest.com,False,"50 State Emissions | Blackout Emblem Overlays[installed_msrp] | Integrated Dashcam[installed_msrp] | Paint Protection Film - Hood, Fenders, Mirror Backs and Door Cups[installed_msrp] | Predator Tube Step[installed_msrp] | Quick Charging Cable Package[installed_msrp] | TRD PRO Package | TRD Pro Carpet Floor Mats[installed_msrp]"
2024-10-23,JTELU5JR7R6307263,2024,4Runner TRD Pro,DealerHold,False,Port to dealer,59306,Ice Cap,Black/Graphite Softex® [softex],207,Western Slope Toyota,https://www.westernslopetoyota.com,True,"50 State Emissions | Blackout Emblem Overlays[installed_msrp] | Dual Power Port/Quick Charging Cable Package[installed_msrp] | Integrated Dashcam[installed_msrp] | Paint Protection Film - Hood, Fenders, Mirror Backs and Door Cups[installed_msrp] | Predator Tube Step[installed_msrp] | TRD PRO Package | TRD Pro Carpet Floor Mats[installed_msrp] | Toyota 4Runner Cooler - Cement[installed_msrp] | UV Sunshade (Windshield) - TRD"
2024-10-24,JTELU5JR7R6307554,2024,4Runner TRD Pro,DealerHold,False,Port to dealer,58258,Ice Cap,Black/Graphite Softex® [softex],402,Toyota of Helena,https://www.toyotaofhelena.com,False,50 State Emissions | Blackout Emblem Overlays[installed_msrp] | Cargo Cover[installed_msrp] | Predator Tube Step[installed_msrp] | Quick Charging Cable Package[installed_msrp] | TRD PRO Package | Toyota 4Runner Cooler - White[installed_msrp] | USB Dual Power Port[installed_msrp]
2024-10-16,JTELU5JR7R6307571,2024,4Runner TRD Pro,DealerHold,False,Port to dealer,56620,Midnight Black Metallic,Black/Graphite Softex® [softex],369,Mountain States Toyota,https://www.mountainstatestoyota.com,False,50 State Emissions | TRD PRO Package
2024-10-10,JTELU5JR8R6305490,2024,4Runner TRD Pro,DealerHold,False,Port to dealer,58601,Terra,Black/Graphite Softex® [softex],492,Larry H. Miller Toyota Peoria,https://www.larrymillertoyota.com,False,50 State Emissions | Ball Mount[installed_msrp] | Blackout Emblem Overlays[installed_msrp] | Cargo Cover[installed_msrp] | Integrated Dashcam[installed_msrp] | Predator Tube Step[installed_msrp] | Quick Charging Cable Package[installed_msrp] | TRD PRO Package | TRD Pro Carpet Floor Mats[installed_msrp] | USB Dual Power Port[installed_msrp]
2024-10-27,JTELU5JR8R6305814,2024,4Runner TRD Pro,DealerHold,True,Port to dealer,57788,Underground,Black/Graphite Softex® [softex],353,Corwin Toyota Boulder,https://www.corwintoyotaboulder.com,False,50 State Emissions | Blackout Emblem Overlays[installed_msrp] | Predator Tube Step[installed_msrp] | TRD PRO Package | TRD Pro Carpet Floor Mats[installed_msrp] | USB Dual Power Port[installed_msrp]
2024-10-26,JTELU5JR8R6306784,2024,4Runner TRD Pro,DealerHold,True,Port to dealer,56799,Midnight Black Metallic,Black/Graphite Softex® [softex],373,Groove Toyota,https://www.groovetoyota.com,True,50 State Emissions | TRD PRO Package | TRD Pro Carpet Floor Mats[installed_msrp]
Unknown,JTELU5JR8R6307045,2024,4Runner TRD Pro,DealerHold,False,Port to dealer,56620,Ice Cap,Black/Graphite Softex® [softex],299,Peterson Toyota,https://www.petersontoyota.net,False,50 State Emissions | TRD PRO Package
2024-10-27,JTELU5JR8R6307952,2024,4Runner TRD Pro,DealerHold,True,Port to dealer,57772,Ice Cap,Black/Graphite Softex® [softex],466,Rogers Toyota,https://www.toyotaoflewiston.com,True,50 State Emissions | Blackout Emblem Overlays[installed_msrp] | Cargo Cover[installed_msrp] | Quick Charging Cable Package[installed_msrp] | TRD PRO Package | TRD Pro Carpet Floor Mats[installed_msrp] | Toyota 4Runner Cooler - Cement[installed_msrp] | USB Dual Power Port[installed_msrp]
2024-10-19,JTELU5JR9R6297867,2024,4Runner TRD Pro,DealerHold,False,Port to dealer,57883,Terra,Black/Graphite Softex® [softex],435,Team Toyota,https://www.teamtoyotascottsbluff.com,False,50 State Emissions | Cargo Cover[installed_msrp] | Door Edge Guards[installed_msrp] | Dual Power Port/Quick Charging Cable Package[installed_msrp] | Emergency Assistance Kit[installed_msrp] | Running Boards | Sliding Rear Cargo Deck | TRD PRO Package
2024-10-24,JTELU5JR9R6301836,2024,4Runner TRD Pro,DealerHold,False,Port to dealer,57858,Ice Cap,Black/Graphite Softex® [softex],433,Lithia Toyota of Missoula,https://www.lithiatoyotamissoula.com,False,50 State Emissions | Blackout Emblem Overlays[installed_msrp] | Cargo Cover[installed_msrp] | Predator Tube Step[installed_msrp] | Quick Charging Cable Package[installed_msrp] | TRD PRO Package | USB Dual Power Port[installed_msrp]
2025-01-03,JTELU5JR9R6303733,2024,4Runner TRD Pro,DealerHold,False,Port to dealer,58536,Terra,Black/Graphite Softex® [softex],425,Dolan Toyota,https://www.dolanrenotoyota.com,False,50 State Emissions | Blackout Emblem Overlays[installed_msrp] | Cargo Cover[installed_msrp] | Integrated Dashcam[installed_msrp] | Predator Tube Step[installed_msrp] | Quick Charging Cable Package[installed_msrp] | TRD PRO Package | TRD Pro Carpet Floor Mats[installed_msrp] | USB Dual Power Port[installed_msrp]
Unknown,JTELU5JR9R6305224,2024,4Runner TRD Pro,DealerHold,True,Factory to port,58213,Underground,Black/Graphite Softex® [softex],398,Toyota of Colorado Springs,https://www.toyotaofcoloradosprings.com,True,"50 State Emissions | Blackout Emblem Overlays[installed_msrp] | Door Edge Guards[installed_msrp] | Paint Protection Film - Hood, Fenders, Mirror Backs and Door Cups[installed_msrp] | Predator Tube Step[installed_msrp] | TRD PRO Package | TRD Pro Carpet Floor Mats[installed_msrp]"
2024-10-26,JTELU5JR9R6305580,2024,4Runner TRD Pro,DealerHold,True,Port to dealer,56799,Terra,Black/Graphite Softex® [softex],377,Stevinson Toyota East,https://www.stevinsontoyotaeast.com,False,50 State Emissions | TRD PRO Package | TRD Pro Carpet Floor Mats[installed_msrp]
2024-10-25,JTELU5JR9R6306373,2024,4Runner TRD Pro,DealerHold,False,Port to dealer,56799,Terra,Black/Graphite Softex® [softex],369,Mountain States Toyota,https://www.mountainstatestoyota.com,False,50 State Emissions | TRD PRO Package | TRD Pro Carpet Floor Mats[installed_msrp]
2024-10-16,JTELU5JR9R6306700,2024,4Runner TRD Pro,DealerHold,True,Port to dealer,58466,Underground,Black/Graphite Softex® [softex],425,Dolan Toyota,https://www.dolanrenotoyota.com,False,50 State Emissions | Blackout Emblem Overlays[installed_msrp] | Cargo Cover[installed_msrp] | Integrated Dashcam[installed_msrp] | Predator Tube Step[installed_msrp] | TRD PRO Package | TRD Pro Carpet Floor Mats[installed_msrp] | USB Dual Power Port[installed_msrp]
2024-10-08,JTELU5JR9R6306910,2024,4Runner TRD Pro,DealerHold,False,Port to dealer,58911,Underground,Black/Graphite Softex® [softex],481,Larry H. Miller American Toyota Albuquerque,https://www.americantoyota.com,False,"50 State Emissions | Blackout Emblem Overlays[installed_msrp] | Cargo Cover[installed_msrp] | Door Edge Guards[installed_msrp] | Dual Power Port/Quick Charging Cable Package[installed_msrp] | Integrated Dashcam[installed_msrp] | Paint Protection Film - Hood, Fenders, Mirror Backs and Door Cups[installed_msrp] | Predator Tube Step[installed_msrp] | TRD PRO Package"
2024-10-14,JTELU5JR9R6307118,2024,4Runner TRD Pro,DealerHold,True,Port to dealer,57753,Underground,Black/Graphite Softex® [softex],353,Corwin Toyota Boulder,https://www.corwintoyotaboulder.com,False,"50 State Emissions | Blackout Emblem Overlays[installed_msrp] | Integrated Dashcam[installed_msrp] | Paint Protection Film - Hood, Fenders, Mirror Backs and Door Cups[installed_msrp] | TRD PRO Package"
2024-10-20,JTELU5JR9R6307412,2024,4Runner TRD Pro,DealerHold,True,Port to dealer,57663,Midnight Black Metallic,Black/Graphite Softex® [softex],307,Edmark Toyota,https://www.edmarktoyota.com,False,50 State Emissions | Dual Power Port/Quick Charging Cable Package[installed_msrp] | Predator Tube Step[installed_msrp] | TRD PRO Package | TRD Pro Carpet Floor Mats[installed_msrp]
Unknown,JTELU5JRXR6302848,2024,4Runner TRD Pro,,True,Port to dealer,58731,Midnight Black Metallic,Black/Graphite Softex® [softex],366,Findlay Toyota,https://www.findlaytoyota.com,True,50 State Emissions | Ball Mount[installed_msrp] | Blackout Emblem Overlays[installed_msrp] | Cargo Cover[installed_msrp] | Cargo Tray [parts_only_msrp] | Findlay Package | Integrated Dashcam[installed_msrp] | Predator Tube Step[installed_msrp] | Quick Charging Cable Package[installed_msrp] | TRD PRO Package | TRD Pro Carpet Floor Mats[installed_msrp] | USB Dual Power Port[installed_msrp]
2025-01-14,JTELU5JRXR6304454,2024,4Runner TRD Pro,DealerHold,True,Port to dealer,56620,Ice Cap,Black/Graphite Softex® [softex],373,Groove Toyota,https://www.groovetoyota.com,True,50 State Emissions | TRD PRO Package
2024-10-14,JTELU5JRXR6305300,2024,4Runner TRD Pro,,False,Port to dealer,58606,Ice Cap,Black/Graphite Softex® [softex],491,Bell Road Toyota,https://www.bellroadtoyota.com,True,50 State Emissions | Ball Mount[installed_msrp] | Blackout Emblem Overlays[installed_msrp] | Cargo Cover[installed_msrp] | Emergency Assistance Kit[installed_msrp] | Integrated Dashcam[installed_msrp] | Predator Tube Step[installed_msrp] | TRD PRO Package | TRD Pro Carpet Floor Mats[installed_msrp] | USB Dual Power Port[installed_msrp]
2024-10-25,JTELU5JRXR6305894,2024,4Runner TRD Pro,DealerHold,False,Port to dealer,56620,Terra,Black/Graphite Softex® [softex],369,Mountain States Toyota,https://www.mountainstatestoyota.com,False,50 State Emissions | TRD PRO Package
2024-10-02,JTELU5JRXR6305992,2024,4Runner TRD Pro,DealerHold,False,Port to dealer,58710,Terra,Black/Graphite Softex® [softex],369,Mountain States Toyota,https://www.mountainstatestoyota.com,False,"50 State Emissions | Blackout Emblem Overlays[installed_msrp] | Cargo Cover[installed_msrp] | Integrated Dashcam[installed_msrp] | Paint Protection Film - Hood, Fenders, Mirror Backs and Door Cups[installed_msrp] | TRD PRO Package | TRD Pro Carpet Floor Mats[installed_msrp] | Trail Running Boards[installed_msrp]"
2024-10-26,JTELU5JRXR6306107,2024,4Runner TRD Pro,DealerHold,False,Port to dealer,56799,Terra,Black/Graphite Softex® [softex],369,Mountain States Toyota,https://www.mountainstatestoyota.com,False,50 State Emissions | TRD PRO Package | TRD Pro Carpet Floor Mats[installed_msrp]
Unknown,JTELU5JRXR6307029,2024,4Runner TRD Pro,DealerHold,False,Factory to port,56620,Midnight Black Metallic,Black/Graphite Softex® [softex],299,Peterson Toyota,https://www.petersontoyota.net,False,50 State Emissions | TRD PRO Package
2024-10-21,JTELU5JRXR6307595,2024,4Runner TRD Pro,DealerHold,True,Port to dealer,57665,Ice Cap,Black/Graphite Softex® [softex],307,Edmark Toyota,https://www.edmarktoyota.com,False,50 State Emissions | Blackout Emblem Overlays[installed_msrp] | Door Edge Guards[installed_msrp] | Predator Tube Step[installed_msrp] | Quick Charging Cable Package[installed_msrp] | TRD PRO Package
2024-10-14,JTELU5JRXR6307614,2024,4Runner TRD Pro,DealerHold,True,Port to dealer,56620,Underground,Black/Graphite Softex® [softex],373,Groove Toyota,https://www.groovetoyota.com,True,50 State Emissions | TRD PRO Package
2024-07-02,JTEMU5JR0R6275258,2024,4Runner SR5,Available,False,At dealer,48104,Ice Cap,Black/Graphite Fabric,398,Toyota of Colorado Springs,https://www.toyotaofcoloradosprings.com,True,17-In. Cast Matte Black Pro Wheel[installed_msrp] | 50 State Emissions | All-Weather Floor Liners & Cargo Tray Package[installed_msrp] | High Performance LED Fog Lights - Chrome[installed_msrp] | Keep it Wild Savings [keep_it_wild_21] | Predator Tube Step[installed_msrp] | Premium Audio | Roof Rack Cross Bars[installed_msrp]
2024-08-23,JTEMU5JR3R6302629,2024,4Runner SR5,DealerHold,False,At dealer,45754,Midnight Black Metallic,Black/Graphite Fabric,366,"Stapp Interstate Toyota, Inc.",https://www.interstatetoyota.com,True,50 State Emissions | All-Weather Floor Liners[installed_msrp] | Alloy Wheel Locks[installed_msrp] | Blackout Emblem Overlays[installed_msrp] | High Performance LED Fog Lights - Black[installed_msrp] | Keep it Wild Savings [keep_it_wild_21] | Premium Audio | STAPP I25 CUSTOM PACKAGE
2024-10-01,JTEMU5JR5R6307735,2024,4Runner SR5,DealerHold,False,At dealer,47178,Ice Cap,Black/Graphite Fabric,492,Right Toyota,https://www.righttoyota.com,False,50 State Emissions | All-Weather Floor Liners & Cargo Tray Package[installed_msrp] | Blackout Emblem Overlays[installed_msrp] | Integrated Dashcam[installed_msrp] | Keep it Wild Savings [keep_it_wild_21] | Premium Audio | Quick Charging Cable Package[installed_msrp] | Roof Rack Cross Bars[installed_msrp] | Third Row Seating - Fabric
Unknown,JTEMU5JRXR6290172,2024,4Runner SR5,DealerHold,False,Port to dealer,45679,Midnight Black Metallic,Black/Graphite Fabric,366,"Stapp Interstate Toyota, Inc.",https://www.interstatetoyota.com,True,50 State Emissions | All-Weather Floor Liners & Cargo Tray Package[installed_msrp] | Keep it Wild Savings [keep_it_wild_21] | Premium Audio | Quick Charging Cable Package[installed_msrp] | Roof Rack Cross Bars[installed_msrp]
2024-09-30,JTENU5JR0R6307081,2024,4Runner SR5 Premium,Available,False,At dealer,48173,Midnight Black Metallic,Black/Graphite Softex® [softex],357,"Pedersen Toyota, Ltd.",https://www.pedersentoyota.com,True,50 State Emissions | All-Weather Floor Liners & Cargo Tray Package[installed_msrp] | Cargo Cover[installed_msrp] | Keep it Wild Savings [keep_it_wild_21] | Moonroof | Running Boards - Chrome Detail[installed_msrp] | SR5 Premium Package w/ Softex
Unknown,JTENU5JR1R6306411,2024,4Runner SR5 Premium,DealerHold,True,At dealer,49898,Barcelona Red Metallic,Sand Beige Softex® [softex],448,Anderson Toyota,https://www.andersontoyotaaz.com,True,50 State Emissions | All-Weather Floor Liners & Cargo Tray Package[installed_msrp] | Desert protection package | Door Edge Guards[installed_msrp] | Integrated Dashcam[installed_msrp] | Keep it Wild Savings [keep_it_wild_21] | Moonroof | Predator Tube Step[installed_msrp] | Quick Charging Cable Package[installed_msrp] | Roof Rack Cross Bars[installed_msrp] | SR5 Premium Package w/ Softex | Third Row Seating - Softex
2024-10-14,JTENU5JR1R6307350,2024,4Runner SR5 Premium,DealerHold,False,Port to dealer,50179,Ice Cap,Black/Graphite Softex® [softex],492,Larry H. Miller Toyota Peoria,https://www.larrymillertoyota.com,False,17-In. Cast Matte Black Pro Wheel[installed_msrp] | 50 State Emissions | All-Weather Floor Liners & Cargo Tray Package[installed_msrp] | Door Edge Guards[installed_msrp] | Keep it Wild Savings [keep_it_wild_21] | Moonroof | SR5 Premium Package w/ Softex | Third Row Seating - Softex
2024-09-23,JTENU5JR4R6300988,2024,4Runner SR5 Premium,Available,True,At dealer,51474,Barcelona Red Metallic,Black/Graphite Softex® [softex],382,Findlay Toyota Flagstaff,https://www.findlaytoyotaflagstaff.net,True,17-In. Cast Matte Black Pro Wheel[installed_msrp] | 50 State Emissions | All-Weather Floor Liners & Cargo Tray Package[installed_msrp] | Alloy Wheel Locks[installed_msrp] | Blackout Emblem Overlays[installed_msrp] | Door Edge Guards[installed_msrp] | Exhaust Tip - Black Chrome[installed_msrp] | Keep it Wild Savings [keep_it_wild_21] | Moonroof | Predator Tube Step[installed_msrp] | Quick Charging Cable Package[installed_msrp] | Roof Rack Cross Bars[installed_msrp] | SR5 Premium Package w/ Softex | Third Row Seating - Softex
Unknown,JTENU5JR5R6306895,2024,4Runner SR5 Premium,DealerHold,False,At dealer,48559,Ice Cap,Black/Graphite Softex® [softex],317,Yellowstone Toyota,https://www.yellowstonetoyota.com,False,50 State Emissions | All-Weather Floor Liners & Cargo Tray Package[installed_msrp] | Blackout Emblem Overlays[installed_msrp] | Keep it Wild Savings [keep_it_wild_21] | Moonroof | SR5 Premium Package w/ Softex | Third Row Seating - Softex
2024-10-14,JTENU5JR5R6307366,2024,4Runner SR5 Premium,,False,Port to dealer,48784,Underground,Black/Graphite Softex® [softex],491,Bell Road Toyota,https://www.bellroadtoyota.com,True,17-In. Cast Matte Black Pro Wheel[installed_msrp] | 50 State Emissions | All-Weather Floor Liners[installed_msrp] | Blackout Emblem Overlays[installed_msrp] | High Performance LED Fog Lights - Black[installed_msrp] | Keep it Wild Savings [keep_it_wild_21] | Roof Rack Cross Bars[installed_msrp] | SR5 Premium Package w/ Softex
Unknown,JTENU5JR5R6307979,2024,4Runner SR5 Premium,DealerHold,False,At dealer,49519,Classic Silver Metallic,Black/Graphite Softex® [softex],362,David Wilson's Toyota of Las Vegas,https://www.dwtoyotalasvegas.com,True,50 State Emissions | All-Weather Floor Liners & Cargo Tray Package[installed_msrp] | Blackout Emblem Overlays[installed_msrp] | Keep it Wild Savings [keep_it_wild_21] | Moonroof | Roof Rack Cross Bars[installed_msrp] | Running Boards | SR5 Premium Package w/ Softex | TRD Front Skid Plate[installed_msrp] | Third Row Seating - Softex | Toyota of LV Convenience Pkg
2024-10-18,JTENU5JR6R6307716,2024,4Runner SR5 Premium,DealerHold,False,Port to dealer,51014,Underground,Black/Graphite Softex® [softex],492,Right Toyota,https://www.righttoyota.com,False,17-In. Cast Matte Black Pro Wheel[installed_msrp] | 50 State Emissions | All-Weather Floor Liners & Cargo Tray Package[installed_msrp] | Exhaust Tip - Black Chrome[installed_msrp] | Keep it Wild Savings [keep_it_wild_21] | Moonroof | Predator Tube Step[installed_msrp] | Roof Rack Cross Bars[installed_msrp] | SR5 Premium Package w/ Softex | Third Row Seating - Softex
Unknown,JTENU5JR9R6303563,2024,4Runner SR5 Premium,DealerHold,False,Port to dealer,51622,Underground,Black/Graphite Softex® [softex],492,Right Toyota,https://www.righttoyota.com,False,17-In. Cast Matte Black Pro Wheel[installed_msrp] | 50 State Emissions | All-Weather Floor Liners & Cargo Tray Package[installed_msrp] | Blackout Emblem Overlays[installed_msrp] | Cargo Cover[installed_msrp] | High Performance LED Fog Lights - Black[installed_msrp] | Keep it Wild Savings [keep_it_wild_21] | Premium Package | Roof Rack Cross Bars[installed_msrp] | Running Boards - Chrome Detail[installed_msrp] | Third Row Seating - Softex | USB Dual Power Port[installed_msrp]
2024-10-08,JTENU5JR9R6307645,2024,4Runner SR5 Premium,DealerHold,False,Port to dealer,50973,Underground,Black/Graphite Softex® [softex],492,Right Toyota,https://www.righttoyota.com,False,50 State Emissions | All-Weather Floor Liners & Cargo Tray Package[installed_msrp] | Blackout Emblem Overlays[installed_msrp] | Cargo Cover[installed_msrp] | Keep it Wild Savings [keep_it_wild_21] | Moonroof | Running Boards | SR5 Premium Package w/ Softex | TRD Black Wheel Package[installed_msrp] | Third Row Seating - Softex
Unknown,JTENU5JRXR6307136,2024,4Runner SR5 Premium,DealerHold,False,At dealer,49079,Midnight Black Metallic,Black/Graphite Softex® [softex],492,Right Toyota,https://www.righttoyota.com,False,50 State Emissions | All-Weather Floor Liners & Cargo Tray Package[installed_msrp] | High Performance LED Fog Lights - Black[installed_msrp] | Keep it Wild Savings [keep_it_wild_21] | Moonroof | Roof Rack Cross Bars[installed_msrp] | Running Boards | SR5 Premium Package w/ Softex | Third Row Seating - Softex
2024-10-08,JTEPU5JR4R6307674,2024,4Runner TRD Off-Road,DealerHold,False,Port to dealer,47034,Ice Cap,Black/Graphite Fabric,492,Larry H. Miller Toyota Peoria,https://www.larrymillertoyota.com,False,50 State Emissions | All-Weather Floor Liners & Cargo Tray Package[installed_msrp] | Keep it Wild Savings [keep_it_wild_21] | Off Road Package | Premium Audio | Roof Rack Cross Bars[installed_msrp]
2024-09-30,JTERU5JR1R6303297,2024,4Runner TRD Off-Road Premium,DealerHold,False,At dealer,51504,Underground,Black/Graphite Softex® [softex],207,Western Slope Toyota,https://www.westernslopetoyota.com,True,17-In. Cast Matte Black Pro Wheel[installed_msrp] | 50 State Emissions | All-Weather Floor Liners & Cargo Tray Package[installed_msrp] | High Performance LED Fog Lights - Black[installed_msrp] | Keep it Wild Savings [keep_it_wild_21] | Moonroof | Off Road Package | Off Road Premium Package w/ Softex | Predator Tube Step[installed_msrp] | Roof Rack Cross Bars[installed_msrp]
2024-09-30,JTERU5JR1R6304725,2024,4Runner TRD Off-Road Premium,Available,False,At dealer,49014,Ice Cap,Black/Graphite Softex® [softex],400,Corwin Toyota Colorado Springs,https://www.corwintoyotacoloradosprings.com,False,50 State Emissions | All-Weather Floor Liners & Cargo Tray Package[installed_msrp] | Emergency Assistance Kit[installed_msrp] | Exhaust Tip - Black Chrome[installed_msrp] | Keep it Wild Savings [keep_it_wild_21] | Moonroof | Off Road Package | Off Road Premium Package w/ Softex | Quick Charging Cable Package[installed_msrp]
2024-10-27,JTERU5JR2R6307116,2024,4Runner TRD Off-Road Premium,,False,Port to dealer,51883,Ice Cap,Black/Graphite Softex® [softex],466,Rogers Toyota,https://www.toyotaoflewiston.com,True,"50 State Emissions | All-Weather Floor Liners & Cargo Tray Package[installed_msrp] | Blackout Emblem Overlays[installed_msrp] | High Performance LED Fog Lights - Black[installed_msrp] | Keep it Wild Savings [keep_it_wild_21] | Off Road Package | Paint Protection Film - Hood, Fenders, Mirror Backs and Door Cups[installed_msrp] | Premium Package | Roof Rack Cross Bars[installed_msrp] | TRD Black Wheel Package[installed_msrp]"
2024-10-13,JTERU5JR3R6305620,2024,4Runner TRD Off-Road Premium,DealerHold,True,Port to dealer,50524,Classic Silver Metallic,Black/Graphite Softex® [softex],494,Toyota of Surprise,https://www.toyotaofsurprise.com,True,17-In. Cast Matte Black Pro Wheel[installed_msrp] | 50 State Emissions | All-Weather Floor Liners & Cargo Tray Package[installed_msrp] | Keep it Wild Savings [keep_it_wild_21] | Off Road Package | Off Road Premium Package w/ Softex | Quick Charging Cable Package[installed_msrp] | Roof Rack Cross Bars[installed_msrp] | TRD Front Skid Plate[installed_msrp]
2024-10-25,JTERU5JR4R6305366,2024,4Runner TRD Off-Road Premium,DealerHold,True,Port to dealer,52083,Ice Cap,Black/Graphite Softex® [softex],448,Anderson Toyota,https://www.andersontoyotaaz.com,True,17-In. Cast Matte Black Pro Wheel[installed_msrp] | 50 State Emissions | All-Weather Floor Liners & Cargo Tray Package[installed_msrp] | Blackout Emblem Overlays[installed_msrp] | Desert protection package | Integrated Dashcam[installed_msrp] | Keep it Wild Savings [keep_it_wild_21] | Moonroof | Off Road Package | Off Road Premium Package w/ Softex | Predator Tube Step[installed_msrp] | Quick Charging Cable Package[installed_msrp] | Roof Rack Cross Bars[installed_msrp]
2024-10-03,JTERU5JR4R6305626,2024,4Runner TRD Off-Road Premium,DealerHold,False,Port to dealer,51009,Nautical Blue Metallic,Black/Graphite Softex® [softex],379,AutoNation Toyota Arapahoe,https://www.autonationtoyotaarapahoe.com,True,17-In. Cast Matte Black Pro Wheel[installed_msrp] | 50 State Emissions | All-Weather Floor Liners & Cargo Tray Package[installed_msrp] | Blackout Emblem Overlays[installed_msrp] | Exhaust Tip - Chrome[installed_msrp] | Keep it Wild Savings [keep_it_wild_21] | Moonroof | Off Road Package | Off Road Premium Package w/ Softex | Quick Charging Cable Package[installed_msrp] | Roof Rack Cross Bars[installed_msrp]
2024-09-05,JTERU5JR5R6304050,2024,4Runner TRD Off-Road Premium,DealerHold,False,At dealer,50714,Ice Cap,Black/Graphite Softex® [softex],366,"Stapp Interstate Toyota, Inc.",https://www.interstatetoyota.com,True,50 State Emissions | All-Weather Floor Liners & Cargo Tray Package[installed_msrp] | Blackout Emblem Overlays[installed_msrp] | Keep it Wild Savings [keep_it_wild_21] | Kinetic Dynamic Suspension System (KDSS) | Moonroof | Off Road Package | Off Road Premium Package w/ Softex | STAPP I25 CUSTOM PACKAGE
2024-10-10,JTERU5JR5R6305764,2024,4Runner TRD Off-Road Premium,DealerHold,False,Port to dealer,53528,Midnight Black Metallic,Black/Graphite Softex® [softex],359,Centennial Toyota,https://www.centennialtoyota.com,False,17-In. Cast Matte Black Pro Wheel[installed_msrp] | 50 State Emissions | All-Weather Floor Liners & Cargo Tray Package[installed_msrp] | Ball Mount[installed_msrp] | Blackout Emblem Overlays[installed_msrp] | Dual Power Port/Quick Charging Cable Package[installed_msrp] | Keep it Wild Savings [keep_it_wild_21] | Kinetic Dynamic Suspension System (KDSS) | Moonroof | Off Road Package | Off Road Premium Package w/ Softex | Predator Tube Step[installed_msrp] | Roof Rack Cross Bars[installed_msrp]
2024-10-09,JTERU5JR5R6307594,2024,4Runner TRD Off-Road Premium,,True,Port to dealer,53482,Ice Cap,Black/Graphite Softex® [softex],366,Findlay Toyota,https://www.findlaytoyota.com,True,17-In. Cast Matte Black Pro Wheel[installed_msrp] | 50 State Emissions | All-Weather Floor Liners & Cargo Tray Package[installed_msrp] | Blackout Emblem Overlays[installed_msrp] | Dual Power Port/Quick Charging Cable Package[installed_msrp] | Findlay Package | High Performance LED Fog Lights - Black[installed_msrp] | Integrated Dashcam[installed_msrp] | Keep it Wild Savings [keep_it_wild_21] | Kinetic Dynamic Suspension System (KDSS) | Moonroof | Off Road Package | Off Road Premium Package w/ Softex | Roof Rack Cross Bars[installed_msrp]
2024-09-27,JTERU5JR6R6296699,2024,4Runner TRD Off-Road Premium,DealerHold,True,At dealer,49999,Ice Cap,Black/Graphite Softex® [softex],342,Webb Toyota,https://www.webbtoyota.com,True,50 State Emissions | All-Weather Floor Liners & Cargo Tray Package[installed_msrp] | Blackout Emblem Overlays[installed_msrp] | High Performance LED Fog Lights - Black[installed_msrp] | Keep it Wild Savings [keep_it_wild_21] | Moonroof | Off Road Package | Off Road Premium Package w/ Softex | Predator Tube Step[installed_msrp] | Roof Rack Cross Bars[installed_msrp]
2024-10-20,JTERU5JR6R6307569,2024,4Runner TRD Off-Road Premium,DealerHold,True,Port to dealer,53169,Underground,Black/Graphite Softex® [softex],377,Stevinson Toyota East,https://www.stevinsontoyotaeast.com,False,50 State Emissions | All-Weather Floor Liners & Cargo Tray Package[installed_msrp] | Blackout Emblem Overlays[installed_msrp] | High Performance LED Fog Lights - Chrome[installed_msrp] | Keep it Wild Savings [keep_it_wild_21] | Moonroof | Off Road Package | Off Road Premium Package w/ Softex | Rock Rails[installed_msrp] | TRD Black Wheel Package[installed_msrp] | TRD Front Skid Plate[installed_msrp] | TRD Performance Exhaust[installed_msrp]
2024-09-20,JTERU5JR6R6307829,2024,4Runner TRD Off-Road Premium,DealerHold,True,At dealer,52632,Ice Cap,Black/Graphite Softex® [softex],362,David Wilson's Toyota of Las Vegas,https://www.dwtoyotalasvegas.com,True,50 State Emissions | All-Weather Floor Liners & Cargo Tray Package[installed_msrp] | Blackout Emblem Overlays[installed_msrp] | Dual Power Port/Quick Charging Cable Package[installed_msrp] | High Performance LED Fog Lights - Black[installed_msrp] | Integrated Dashcam[installed_msrp] | Keep it Wild Savings [keep_it_wild_21] | Kinetic Dynamic Suspension System (KDSS) | Moonroof | Off Road Package | Premium Package | Roof Rack Cross Bars[installed_msrp] | Toyota of LV Convenience Pkg
2024-10-11,JTERU5JR7R6305930,2024,4Runner TRD Off-Road Premium,DealerHold,False,Port to dealer,54681,Ice Cap,Black/Graphite Softex® [softex],426,Findlay Toyota Prescott,https://www.findlaytoyotaprescott.com,True,"17-In. Cast Matte Black Pro Wheel[installed_msrp] | 50 State Emissions | All-Weather Floor Liners & Cargo Tray Package[installed_msrp] | Blackout Emblem Overlays[installed_msrp] | Cargo Cover[installed_msrp] | Door Edge Guards[installed_msrp] | High Performance LED Fog Lights - Black[installed_msrp] | Integrated Dashcam[installed_msrp] | Keep it Wild Savings [keep_it_wild_21] | Kinetic Dynamic Suspension System (KDSS) | Moonroof | Off Road Package | Paint Protection Film - Hood, Fenders, Mirror Backs and Door Cups[installed_msrp] | Premium Package"
2024-10-02,JTERU5JR7R6307256,2024,4Runner TRD Off-Road Premium,DealerHold,True,At dealer,51759,Underground,Black/Graphite Softex® [softex],187,Teton Toyota,https://www.tetontoyota.com,True,50 State Emissions | All-Weather Floor Liners & Cargo Tray Package[installed_msrp] | Blackout Emblem Overlays[installed_msrp] | Keep it Wild Savings [keep_it_wild_21] | Off Road Package | Premium Package | Quick Charging Cable Package[installed_msrp] | Roof Rack Cross Bars[installed_msrp] | TRD Black Wheel Package[installed_msrp] | TRD Front Skid Plate[installed_msrp]
2024-10-14,JTERU5JR7R6307810,2024,4Runner TRD Off-Road Premium,DealerHold,False,Port to dealer,50709,Nautical Blue Metallic,Black/Graphite Softex® [softex],492,Larry H. Miller Toyota Peoria,https://www.larrymillertoyota.com,False,50 State Emissions | All-Weather Floor Liners[installed_msrp] | Ball Mount[installed_msrp] | Door Edge Guards[installed_msrp] | Keep it Wild Savings [keep_it_wild_21] | Moonroof | Off Road Package | Off Road Premium Package w/ Softex | TRD Black Wheel Package[installed_msrp]
2024-10-20,JTERU5JR8R6305323,2024,4Runner TRD Off-Road Premium,DealerHold,False,Port to dealer,52138,Solar Octane [extra_cost_color],Black/Graphite Softex® [softex],353,Corwin Toyota Boulder,https://www.corwintoyotaboulder.com,False,17-In. Cast Matte Black Pro Wheel[installed_msrp] | 50 State Emissions | All-Weather Floor Liners & Cargo Tray Package[installed_msrp] | Blackout Emblem Overlays[installed_msrp] | Exhaust Tip - Black Chrome[installed_msrp] | High Performance LED Fog Lights - Black[installed_msrp] | Keep it Wild Savings [keep_it_wild_21] | Off Road Package | Off Road Premium Package w/ Softex | Premium Paint | Rock Rails[installed_msrp] | Roof Rack Cross Bars[installed_msrp] | TRD Front Skid Plate[installed_msrp] | USB Dual Power Port[installed_msrp]
2024-10-17,JTERU5JR8R6306018,2024,4Runner TRD Off-Road Premium,DealerHold,True,Port to dealer,51303,Underground,Black/Graphite Softex® [softex],374,Fremont Toyota of Sheridan,https://www.fremonttoyotasheridan.com,False,17-In. Cast Matte Black Pro Wheel[installed_msrp] | 50 State Emissions | All-Weather Floor Liners[installed_msrp] | Blackout Emblem Overlays[installed_msrp] | High Performance LED Fog Lights - Black[installed_msrp] | Keep it Wild Savings [keep_it_wild_21] | Off Road Package | Off Road Premium Package w/ Softex | Roof Rack Cross Bars[installed_msrp] | TRD Front Skid Plate[installed_msrp] | Trail Running Boards[installed_msrp]
2024-10-05,JTERU5JR8R6307704,2024,4Runner TRD Off-Road Premium,DealerHold,True,Port to dealer,51949,Ice Cap,Black/Graphite Softex® [softex],307,Edmark Toyota,https://www.edmarktoyota.com,False,50 State Emissions | All-Weather Floor Liners & Cargo Tray Package[installed_msrp] | High Performance LED Fog Lights - Black[installed_msrp] | Keep it Wild Savings [keep_it_wild_21] | Moonroof | Off Road Package | Premium Package | Quick Charging Cable Package[installed_msrp] | Roof Rack Cross Bars[installed_msrp] | TRD Black Wheel Package[installed_msrp]
2024-09-26,JTERU5JR9R6306822,2024,4Runner TRD Off-Road Premium,DealerHold,True,At dealer,54332,Classic Silver Metallic,Black/Graphite Softex® [softex],362,David Wilson's Toyota of Las Vegas,https://www.dwtoyotalasvegas.com,True,17-In. Cast Matte Black Pro Wheel[installed_msrp] | 50 State Emissions | All-Weather Floor Liners & Cargo Tray Package[installed_msrp] | Blackout Emblem Overlays[installed_msrp] | Dual Power Port/Quick Charging Cable Package[installed_msrp] | High Performance LED Fog Lights - Black[installed_msrp] | Integrated Dashcam[installed_msrp] | Keep it Wild Savings [keep_it_wild_21] | Kinetic Dynamic Suspension System (KDSS) | Moonroof | Off Road Package | Premium Package | Roof Rack Cross Bars[installed_msrp] | Toyota of LV Convenience Pkg
2024-06-17,JTERU5JRXR6272504,2024,4Runner TRD Off-Road Premium,Available,False,At dealer,51557,Classic Silver Metallic,Black/Graphite Softex® [softex],150,Rock Springs Toyota,https://www.rockspringstoyota.com,False,17-In. Cast Matte Black Pro Wheel[installed_msrp] | 50 State Emissions | All-Weather Floor Liners & Cargo Tray Package[installed_msrp] | Blackout Emblem Overlays[installed_msrp] | Door Edge Guards[installed_msrp] | Integrated Dashcam[installed_msrp] | Keep it Wild Savings [keep_it_wild_21] | Off Road Package | Off Road Premium Package w/ Softex | Rock Rails[installed_msrp] | Roof Rack Cross Bars[installed_msrp] | USB Dual Power Port[installed_msrp]
2024-10-11,JTERU5JRXR6307476,2024,4Runner TRD Off-Road Premium,DealerHold,True,Port to dealer,51563,Underground,Black/Graphite Softex® [softex],353,Corwin Toyota Boulder,https://www.corwintoyotaboulder.com,False,17-In. Cast Matte Black Pro Wheel[installed_msrp] | 50 State Emissions | All-Weather Floor Liners[installed_msrp] | Blackout Emblem Overlays[installed_msrp] | Exhaust Tip - Black Chrome[installed_msrp] | High Performance LED Fog Lights - Black[installed_msrp] | Keep it Wild Savings [keep_it_wild_21] | Moonroof | Off Road Package | Off Road Premium Package w/ Softex | Roof Rack Cross Bars[installed_msrp] | TRD Front Skid Plate[installed_msrp] | USB Dual Power Port[installed_msrp]
2024-09-17,JTESU5JR1R6303365,2024,4Runner TRD Sport,Available,False,At dealer,49704,Solar Octane [extra_cost_color],Black/Graphite Softex® [softex],467,Phil Long Toyota,https://www.phillongtoyota.com,True,50 State Emissions | All-Weather Floor Liners & Cargo Tray Package[installed_msrp] | Keep it Wild Savings [keep_it_wild_21] | Premium Audio | Premium Paint | Roof Rack Cross Bars[installed_msrp] | THEFT DETERRENT & IDENTITY THEFT RECOVERY SERVICE  | TRD SPORT | Technology Package
2024-08-22,JTESU5JR3R6300483,2024,4Runner TRD Sport,DealerHold,False,At dealer,49279,Ice Cap,Black/Graphite Softex® [softex],353,Corwin Toyota Boulder,https://www.corwintoyotaboulder.com,False,50 State Emissions | All-Weather Floor Liners & Cargo Tray Package[installed_msrp] | Keep it Wild Savings [keep_it_wild_21] | Premium Audio | Roof Rack Cross Bars[installed_msrp] | TRD SPORT | Technology Package
